Classifier,Accuracy,Precision,Recall,F1
DecisionTree,0.9925,0.9333333333333333,0.875,0.9032258064516129
RandomForest,0.99,0.9285714285714286,0.8125,0.8666666666666667
KNN,0.9725,0.6666666666666666,0.625,0.6451612903225806
NaiveBayes,0.86,0.2222222222222222,1.0,0.36363636363636365
Logistic,0.8525,0.21333333333333335,1.0,0.3516483516483517
SVM,0.72,0.125,1.0,0.2222222222222222
